State,Date,Special Category Visa (subclass 444)(e),Permanent Family Visas,Permanent Skilled Visas,Permanent Other Visas,Temporary Student Visas,Temporary Skilled Visas,Temporary Visitor Visas,Temporary Work Visas,Temporary Other Visas,Other Visas(g),Australian Citizens
VIC,2004-07-01,20780,2600,4360,6270,18440,2700,42980,660,1420,370,98950
VIC,2004-08-01,18460,2460,4050,5230,2700,2090,38420,750,1300,280,78220
VIC,2004-09-01,20910,2280,3830,6100,2010,2100,35410,1610,1320,300,94240
VIC,2004-10-01,23180,2940,3880,6050,3920,2200,48490,1380,1510,340,103280
VIC,2004-11-01,21060,2440,4260,4490,1970,2060,62830,1220,880,430,73890
VIC,2004-12-01,20640,2440,3940,3760,2680,1690,77840,1370,830,480,68900
VIC,2005-01-01,24780,4100,7740,7240,12520,4000,53180,1330,1960,410,112060
VIC,2005-02-01,18610,2790,5570,5010,23580,1880,62450,1880,1580,520,70260
VIC,2005-03-01,24940,2780,4880,4580,5620,2060,62660,1440,1370,850,71900
VIC,2005-04-01,22670,2480,4810,5020,4060,2360,42710,1260,1170,420,80240
VIC,2005-05-01,17640,2380,4300,4150,1810,1970,37040,820,1180,210,69990
VIC,2005-06-01,17860,2470,3850,4940,2880,2090,36620,900,900,520,77910
VIC,2005-07-01,19600,2890,5300,6000,18710,3260,43760,1030,1610,790,112200
VIC,2005-08-01,17220,2870,4600,5020,3410,2230,43820,870,1160,490,88970
VIC,2005-09-01,19470,2960,4220,5970,2510,2510,37520,1430,1330,460,107160
VIC,2005-10-01,25000,2760,4670,6480,3970,2260,52290,1640,1310,600,108140
VIC,2005-11-01,21280,2740,3990,4700,2740,2360,62420,1610,1300,730,77480
VIC,2005-12-01,20820,2540,4270,4300,2720,1820,80010,1430,770,890,74120
VIC,2006-01-01,25680,4160,8780,7120,11680,4630,57120,1740,1570,580,110970
VIC,2006-02-01,17450,3440,6570,4960,27400,2340,57160,1920,1600,1010,73460
VIC,2006-03-01,22800,2560,4720,4240,6300,2600,58880,1850,6230,1430,76960
VIC,2006-04-01,21620,2740,4920,4670,3650,2520,49620,1170,950,610,75950
VIC,2006-05-01,18170,2520,4440,4370,1950,2310,38640,1150,720,750,73190
VIC,2006-06-01,17720,2570,4770,5050,4220,2620,37850,1130,980,730,88410
VIC,2006-07-01,17910,3110,6320,5910,20290,3490,42490,870,1200,1130,107240
VIC,2006-08-01,16780,3150,4750,5600,4060,2530,43020,1160,1040,720,89680
VIC,2006-09-01,20550,2930,4500,6410,3680,3060,43010,1830,1220,690,114930
VIC,2006-10-01,21100,3040,5790,6810,5180,2890,54500,1720,1550,800,109110
VIC,2006-11-01,23940,3040,4860,5150,3830,2510,60900,2020,1200,670,82430
VIC,2006-12-01,22920,2640,4490,4200,3510,2320,92570,1360,1150,1030,78600
VIC,2007-01-01,26570,4560,9650,7750,14250,4830,52200,2080,1880,930,121020
VIC,2007-02-01,18200,2880,6290,4930,27610,2630,64530,1890,1240,1080,73890
VIC,2007-03-01,22900,3520,6570,5130,8960,3090,69550,2160,1480,1140,83570
VIC,2007-04-01,22970,3450,5840,5040,6020,3030,48130,1560,1210,820,93500
VIC,2007-05-01,22640,2740,5140,4820,3220,2660,39160,1400,1320,680,81500
VIC,2007-06-01,24440,3060,5970,5110,5230,3080,39180,1230,1040,790,88960
VIC,2007-07-01,19800,3100,6780,6300,22210,3420,43870,940,1360,740,119490
VIC,2007-08-01,20020,3150,5720,5600,5970,3220,44360,1430,1120,480,98010
VIC,2007-09-01,19660,3280,5240,5790,4220,3570,40610,1850,1200,490,111150
VIC,2007-10-01,23880,3300,5450,7380,5560,2990,52790,1940,1510,520,131490
VIC,2007-11-01,25220,2900,5220,5280,4210,2810,62480,2150,1150,740,94310
VIC,2007-12-01,23340,2960,4890,4240,4750,2830,81080,1810,1320,960,87550
VIC,2008-01-01,25020,4850,10670,7340,15500,5640,51670,1970,2000,1090,133490
VIC,2008-02-01,19780,3140,8440,5100,32000,2950,65280,2250,1730,1060,85640
VIC,2008-03-01,23420,3610,7520,4770,10630,3480,67790,2360,2010,680,92730
VIC,2008-04-01,22050,2930,7070,4710,6850,3560,53240,1960,1610,650,98550
VIC,2008-05-01,20950,3130,6190,4560,4070,3050,42040,1810,1250,540,89960
VIC,2008-06-01,18440,3490,6440,5910,7300,3680,39770,1870,1190,870,99210
VIC,2008-07-01,19850,2960,6700,5850,23540,4250,53000,1300,1520,980,124590
VIC,2008-08-01,18830,3930,5930,5730,7520,3960,40810,1780,1550,620,109460
VIC,2008-09-01,21660,3590,6360,5810,6170,3840,40510,2580,1200,540,118720
VIC,2008-10-01,26300,3480,6490,6280,7900,3500,47470,2510,1820,790,135030
VIC,2008-11-01,26370,3280,6190,4880,6460,3370,59520,2860,1810,850,97100
VIC,2008-12-01,24330,3330,5790,3840,6250,2810,86880,2170,1580,1160,85300
VIC,2009-01-01,28140,5310,12520,7360,17870,6090,53440,3100,2770,980,134800
VIC,2009-02-01,20070,3940,9300,5510,37390,3110,58700,3040,2310,1070,83830
VIC,2009-03-01,24710,3820,7130,4960,13420,3200,65670,3090,1840,1080,86330
VIC,2009-04-01,24550,3990,7720,5790,10070,3120,55080,2160,2180,580,104430
VIC,2009-05-01,20870,3580,6440,5080,5530,3000,43570,1960,1830,820,90380
VIC,2009-06-01,18530,3940,6030,5280,9120,2860,39220,2410,1480,680,98420
VIC,2009-07-01,22600,4430,7030,6380,27910,4000,40430,1560,2060,920,139750
VIC,2009-08-01,21120,4350,6840,5740,8660,3400,42320,2250,2000,580,116870
VIC,2009-09-01,22750,4310,7280,6590,5940,3570,45760,3100,1920,490,131690
VIC,2009-10-01,26240,4340,7660,7150,8400,2980,54220,3060,2150,540,149730
VIC,2009-11-01,24390,4080,7010,6170,5150,3060,63840,3280,2060,570,112210
VIC,2009-12-01,24170,3730,6800,5560,5480,2540,99890,2500,2230,770,99950
VIC,2010-01-01,28730,5880,13750,9530,18380,5800,54620,3290,3570,740,160710
VIC,2010-02-01,20920,4390,9280,6660,35940,3180,73930,3200,3670,660,96790
VIC,2010-03-01,25660,4510,8440,5720,13870,2990,71130,3460,3550,600,101130
VIC,2010-04-01,25000,4360,7480,6210,7050,3670,53210,2300,2590,370,116650
VIC,2010-05-01,23150,3660,6840,5230,3880,3400,46170,2060,2050,560,103430
VIC,2010-06-01,21360,3910,6510,6390,6350,3520,49540,2030,2160,530,114270
VIC,2010-07-01,25220,4500,8270,7710,24870,4680,52860,1740,2550,770,167030
VIC,2010-08-01,22210,4790,6850,6680,6920,3840,55220,2470,2400,390,133100
VIC,2010-09-01,24030,4790,6670,7350,5470,3700,58700,3640,2840,440,151010
VIC,2010-10-01,30140,4580,7090,8730,6510,4250,62940,3750,3020,630,164330
VIC,2010-11-01,27860,4160,6090,5780,5710,3770,75940,3790,3180,560,118430
VIC,2010-12-01,29560,4150,5830,5260,5650,2870,106630,2940,3300,440,107480
VIC,2011-01-01,33340,6420,14230,10190,15540,6960,64590,4120,5010,540,186820
VIC,2011-02-01,24150,5240,10390,6890,39290,3760,76160,4280,4880,670,108380
VIC,2011-03-01,29300,4930,6830,6100,12630,3150,72680,3960,4860,260,111100
VIC,2011-04-01,27000,4490,8030,7240,5450,4160,61820,2670,3720,370,135230
VIC,2011-05-01,25610,4940,7410,6540,5350,3760,51880,2680,3410,180,129960
VIC,2011-06-01,23590,4440,6750,6800,5430,3740,51400,2660,2760,290,124290
VIC,2011-07-01,25010,5150,9040,8230,25340,5020,53180,2180,2700,370,188280
VIC,2011-08-01,26160,5230,7540,7180,6630,4410,60520,3080,2740,450,147670
VIC,2011-09-01,23380,4970,7600,7960,5310,4550,50580,4800,2960,340,154620
VIC,2011-10-01,31290,4750,8510,8520,6420,4930,62780,4740,3090,260,186110
VIC,2011-11-01,29220,4550,7540,7220,5500,4360,80620,4190,3710,430,131960
VIC,2011-12-01,30330,4190,6640,5940,5400,3400,109650,3240,3080,560,114700
VIC,2012-01-01,34620,6620,16850,10970,14050,8670,74850,4440,4970,280,198830
VIC,2012-02-01,25560,6530,11970,7440,38930,4210,76230,4630,5870,570,123290
VIC,2012-03-01,29760,4840,8430,6190,9670,3780,82710,4200,5330,180,117570
VIC,2012-04-01,30240,5300,9970,7940,6390,5680,61740,3410,4040,540,143590
VIC,2012-05-01,25880,4740,7300,6970,3950,4390,55280,3200,3690,550,119790
VIC,2012-06-01,25220,4940,7940,7350,6110,5070,51530,2980,3220,630,137320
VIC,2012-07-01,26290,5020,9970,9080,25220,5880,53350,2400,3250,870,201570
VIC,2012-08-01,25670,5490,7970,8280,6820,5440,66740,3230,3400,690,150250
VIC,2012-09-01,26400,5490,8550,8710,5620,5200,57910,5680,3500,740,167080
VIC,2012-10-01,32010,5720,8740,9450,6340,5560,68630,5710,3480,770,194080
VIC,2012-11-01,31320,5030,7870,7820,6040,4690,83150,5510,3950,660,134900
VIC,2012-12-01,32190,5180,7590,6600,5550,4350,121800,3760,3800,260,122070
VIC,2013-01-01,36900,7690,17150,12000,14990,9050,66740,5560,6020,170,200090
VIC,2013-02-01,26390,5580,11970,8930,31440,4400,90990,5120,5650,540,116660
VIC,2013-03-01,32880,5850,9520,7350,14870,4910,88130,5680,4940,510,117720
VIC,2013-04-01,29480,5450,10510,9370,6700,5320,62640,4030,4120,500,152980
VIC,2013-05-01,27360,4890,8010,7580,3930,4150,57230,3930,3080,150,126130
VIC,2013-06-01,25890,5730,8860,8380,6290,4680,58710,3650,3330,80,149650
VIC,2013-07-01,31040,5290,10410,11070,25010,5460,58130,2950,3720,110,212970
VIC,2013-08-01,28180,6160,9320,9770,9060,4840,74300,3950,3140,110,164570
VIC,2013-09-01,29460,6000,9260,10000,5560,4930,65570,6150,3390,90,181830
VIC,2013-10-01,33240,6180,10180,11010,7350,4820,67600,6820,3780,170,204410
VIC,2013-11-01,32780,5920,8520,8660,6430,4740,88760,5890,3260,80,141540
VIC,2013-12-01,34680,5210,8000,8210,6250,3850,136520,4290,3300,200,128120
VIC,2014-01-01,38710,8220,18550,13930,14210,8920,83670,5500,5430,140,212500
VIC,2014-02-01,27700,5980,13260,9920,36870,4910,87870,5120,5080,100,123040
VIC,2014-03-01,32350,5730,10050,8070,15160,5080,91200,4970,5050,180,131370
VIC,2014-04-01,33480,6420,11460,10330,7420,5490,72720,3930,3730,150,163250
VIC,2014-05-01,29490,5700,9360,9960,5020,4220,74710,3840,3230,120,141640
VIC,2014-06-01,24760,5220,8950,9660,7920,4900,65200,3540,2760,130,152700
VIC,2014-07-01,28710,5110,11010,11490,28780,5910,81370,3120,3130,260,221750
VIC,2014-08-01,27390,5920,10260,9920,10020,5420,75240,4110,3490,150,173890
VIC,2014-09-01,28540,5710,9710,10600,6250,4820,70830,6710,3320,160,186650
VIC,2014-10-01,35430,5630,10290,12030,8420,4750,82300,6640,4790,170,206930
VIC,2014-11-01,33890,5710,8830,9780,7720,4450,100280,5570,3590,110,156120
VIC,2014-12-01,33660,5240,8700,8360,7130,3720,142350,4650,3640,120,135220
VIC,2015-01-01,41110,8950,19780,15430,18860,9330,83130,6380,5890,160,230090
VIC,2015-02-01,30120,5790,14380,9770,34890,4620,127340,5050,5560,330,128660
VIC,2015-03-01,38840,6990,12030,9570,18950,4750,111510,5180,6270,120,137740
VIC,2015-04-01,34430,6540,12000,10280,8490,5330,83610,4520,3560,130,165800
VIC,2015-05-01,30320,6230,9880,9390,4790,4650,76470,4000,3090,250,148940
VIC,2015-06-01,30180,5820,10530,9680,8570,4490,71250,3630,3300,180,161470
VIC,2015-07-01,31470,5400,12910,11240,33110,5220,78710,3510,3830,260,229960
VIC,2015-08-01,30080,6840,11100,10470,10050,5520,87210,4460,3840,140,189220
VIC,2015-09-01,31410,6140,10580,11400,6990,5010,85930,6320,3670,180,203900
VIC,2015-10-01,38060,6210,11720,12880,11380,5290,97370,6390,5040,210,218510
VIC,2015-11-01,34000,6070,10410,10040,8590,4980,120220,6200,4390,220,165000
VIC,2015-12-01,36890,5740,10150,9360,8390,3950,171440,4600,3770,170,147280
VIC,2016-01-01,43420,8810,22750,16980,21930,9110,101300,6820,7480,220,242510
VIC,2016-02-01,30430,7410,15770,10870,48680,4680,135760,5960,6220,430,140920
VIC,2016-03-01,35450,6690,12170,10050,14700,4770,129630,5970,6490,140,143420
VIC,2016-04-01,35240,6770,13710,13060,9430,4910,99220,4450,4190,80,182320
VIC,2016-05-01,30400,6130,10590,10680,5700,4690,91780,3830,3950,150,154760
VIC,2016-06-01,29820,6110,11030,10840,10020,4720,90590,4050,4060,200,175840
VIC,2016-07-01,34150,5770,14420,13790,41260,6020,99870,3610,4730,230,249210
VIC,2016-08-01,31360,6970,12200,12720,9550,5350,102520,4840,5030,200,198240
VIC,2016-09-01,33750,6090,12310,13630,9060,5670,97460,6990,5020,230,222990
VIC,2016-10-01,40970,6420,12510,14300,11890,5000,112760,6840,6200,230,221370
VIC,2016-11-01,35310,6430,11590,11060,10280,5080,131350,6440,5020,150,170760
VIC,2016-12-01,39690,6190,10960,10450,10040,3860,191770,4540,4530,310,160100
VIC,2017-01-01,43770,8250,24250,19360,23270,8980,128210,7050,8220,230,259710
VIC,2017-02-01,31840,8280,17750,13370,59780,5400,124020,5950,7780,330,157520
VIC,2017-03-01,38770,6750,12590,10640,14870,4480,136180,6410,6890,310,153740
VIC,2017-04-01,37640,7100,16600,14620,13020,5100,119300,4350,5340,220,196800
VIC,2017-05-01,32670,6750,12170,11880,6880,4620,98170,4030,5120,320,170400
VIC,2017-06-01,31690,6670,13140,12350,11410,5080,101590,4260,4970,80,180250
VIC,2017-07-01,32920,5800,15600,14570,47630,5560,100770,3350,5610,310,259040
VIC,2017-08-01,32530,6650,11590,12290,11560,4890,122340,4330,5270,430,211480
VIC,2017-09-01,33420,6520,12110,13520,9050,4910,103670,6690,5940,330,226560
VIC,2017-10-01,37870,7450,15250,15280,14330,5050,118670,6750,7790,200,246970
VIC,2017-11-01,39280,6100,12760,11820,10080,4030,141910,6220,5830,230,175890
VIC,2017-12-01,37340,6070,11450,10720,11390,3390,199960,5060,5150,280,158240
VIC,2018-01-01,44650,8710,26890,21600,29980,8760,121980,6680,11450,160,264120
VIC,2018-02-01,30740,6530,17350,12520,59860,4560,163210,5650,8580,390,150290
VIC,2018-03-01,38030,7770,12980,12440,19770,4950,157110,6670,9740,180,166710
VIC,2018-04-01,34450,7640,16990,15240,13820,5660,121660,4810,8170,250,210260
VIC,2018-05-01,30830,6340,11230,13030,8110,4250,109920,4280,5800,220,174590
VIC,2018-06-01,33300,6390,12590,12900,14480,4250,116780,4240,6060,90,193690
VIC,2018-07-01,37490,6150,17390,15220,56770,5630,111860,3310,6670,280,288320
VIC,2018-08-01,34710,7320,13750,14290,12310,5250,131960,4800,7040,270,230730
VIC,2018-09-01,34740,7490,14020,15770,11730,5850,114470,6580,7520,210,253280
VIC,2018-10-01,42220,7190,15510,19820,14410,5240,128390,7050,9100,310,275710
VIC,2018-11-01,40870,6780,13120,14320,13020,4530,156850,6890,7260,180,197460
VIC,2018-12-01,38040,6420,11320,12730,13170,3970,216730,4850,6390,270,172450
VIC,2019-01-01,45780,10300,29600,24590,30210,9280,132530,7250,13610,350,292870
VIC,2019-02-01,35560,8310,18130,16400,62210,4750,171250,6400,11640,350,165350
VIC,2019-03-01,41230,7050,13570,13020,30470,5000,161550,6220,9480,310,170150
VIC,2019-04-01,38510,7350,17170,17440,13190,5380,124020,4430,7770,250,219720
VIC,2019-05-01,33980,7220,13790,16040,9640,4560,128150,4940,7650,140,194340
VIC,2019-06-01,32190,6660,13870,15480,14130,4750,120940,4290,6890,200,205340
VIC,2019-07-01,36730,5780,16410,16850,56430,4920,119530,3730,7920,360,286720
VIC,2019-08-01,35380,7200,13580,16580,15550,4990,142790,4720,7650,180,227210
VIC,2019-09-01,35860,7350,14380,17970,10610,5180,116110,6830,8460,180,254200
VIC,2019-10-01,42570,7110,14890,18930,16010,5080,130610,6410,10170,240,269100
VIC,2019-11-01,41260,7020,13170,15700,13270,4230,160880,6390,8450,240,203920
VIC,2019-12-01,55410,5550,11160,13630,14010,3800,215050,4810,7750,260,181660
VIC,2020-01-01,47540,9650,30120,26560,29450,8460,142590,6670,15390,480,292490
VIC,2020-02-01,36530,7920,16080,16360,41900,4010,112310,6000,11640,190,173060
VIC,2020-03-01,21590,4700,6580,7530,24060,2260,55820,3400,6940,120,122220
VIC,2020-04-01,260,300,490,410,10,40,140,10,140,10,3820
VIC,2020-05-01,540,430,560,350,10,50,160,0,210,0,2710
VIC,2020-06-01,710,430,660,460,20,40,230,10,240,10,3240
VIC,2020-07-01,100,130,150,170,10,40,90,10,60,0,1310
VIC,2020-08-01,80,120,120,90,0,60,70,10,70,0,880
VIC,2020-09-01,120,170,210,160,10,60,110,10,100,0,990
VIC,2020-10-01,150,250,410,190,20,100,190,10,210,10,1420
VIC,2020-11-01,220,290,370,220,20,110,190,20,240,10,1880
VIC,2020-12-01,1240,540,660,430,40,190,330,10,220,10,3290
VIC,2021-01-01,860,520,940,530,70,220,270,20,1110,20,3010
VIC,2021-02-01,840,410,630,330,40,170,180,20,180,0,2160
VIC,2021-03-01,970,630,690,400,40,210,280,30,330,10,2410
VIC,2021-04-01,3940,710,820,490,40,210,470,30,370,10,3650
VIC,2021-05-01,8880,840,980,700,60,280,520,30,510,20,8030
VIC,2021-06-01,3230,600,780,490,80,160,350,20,250,10,3420
VIC,2021-07-01,6050,470,830,530,130,220,370,30,350,10,7500
VIC,2021-08-01,950,570,770,470,90,210,290,10,710,90,2420
VIC,2021-09-01,80,520,570,370,40,270,180,20,420,90,1730
VIC,2021-10-01,100,410,420,240,40,250,170,10,360,0,1400
VIC,2021-11-01,1410,1710,1670,1530,230,610,4070,50,790,40,9900
VIC,2021-12-01,2660,2520,3490,3300,11680,960,14570,270,2780,90,26020
VIC,2022-01-01,2940,3780,6240,5110,10120,2040,10700,850,2930,70,44480
VIC,2022-02-01,2880,3040,5260,4280,19070,1320,14800,1390,2750,80,36770
VIC,2022-03-01,7880,3350,4820,4490,8440,1590,30060,1990,4710,80,43440
VIC,2022-04-01,17980,4220,6440,7060,5930,2180,39880,1970,6600,100,72310
VIC,2022-05-01,18010,5290,7480,8770,6830,2840,39790,1220,6810,90,88060
VIC,2022-06-01,20230,4960,6610,8320,8900,2460,45910,1500,7200,110,101860
VIC,2022-07-01,25910,5550,9460,12150,23910,3170,41520,1360,6970,200,176190
VIC,2022-08-01,24800,6430,7270,10530,10660,3140,54870,2600,7240,170,152400
VIC,2022-09-01,26320,5990,7120,11630,9160,3310,55270,4330,8110,270,169400
VIC,2022-10-01,30490,4810,7110,12440,8650,3590,68710,4740,9110,220,173460
VIC,2022-11-01,31930,5260,6760,11050,9500,3400,89220,5770,10120,210,155940
VIC,2022-12-01,30560,5050,7240,10560,10520,2790,120140,4070,9100,290,138010
VIC,2023-01-01,34710,7970,15880,22000,16800,5840,65100,4680,14640,310,240540
VIC,2023-02-01,28450,6520,11360,15250,47970,3780,86760,5760,14530,500,156590
VIC,2023-03-01,34350,6760,9980,13000,16420,3570,103410,5870,14710,240,153780
VIC,2023-04-01,34820,6660,12090,17440,12640,3920,87530,4380,11170,190,184310
VIC,2023-05-01,28940,6440,9750,15570,10890,3460,90170,4260,10580,180,175210
VIC,2023-06-01,27700,6400,9690,15470,15320,3650,86520,4200,10640,190,186200
VIC,2023-07-01,34150,5650,12370,17420,46180,4160,78710,2900,11550,370,268440
VIC,2023-08-01,30210,6540,9430,15650,11970,4300,100250,4850,11300,170,223300
VIC,2023-09-01,34790,6630,10150,17700,10490,3940,87460,7410,11840,210,256410
VIC,2023-10-01,38690,6640,11370,19390,11940,4010,98920,8050,13200,240,248490
VIC,2023-11-01,39200,6590,10130,16460,10620,3540,115150,7800,13070,150,203150
VIC,2023-12-01,40740,5800,10210,15100,13200,3590,172500,5470,12010,390,179380
NSW,2004-07-01,37390,5170,8550,9060,19410,6020,114880,3280,2750,1200,152180
NSW,2004-08-01,37500,5130,6710,7580,5220,5180,105300,4340,2750,980,123470
NSW,2004-09-01,36180,4490,6710,7860,3640,4400,97500,7390,2710,960,128030
NSW,2004-10-01,39900,5170,7140,9010,5900,5600,119060,7440,2380,1360,170110
NSW,2004-11-01,33620,4470,6190,7370,3600,4140,138590,7420,2510,1810,116940
NSW,2004-12-01,40660,4330,5990,5850,3910,4090,175250,6880,2370,2320,115490
NSW,2005-01-01,41720,7430,11580,11220,15160,7320,142840,5950,4310,1950,195880
NSW,2005-02-01,32290,5020,7630,7840,23570,3960,146750,6200,2940,1550,115240
NSW,2005-03-01,37620,5500,7250,6730,7930,4650,148440,6390,3310,1260,122540
NSW,2005-04-01,36690,4990,8000,7640,6020,5290,114850,5060,2760,1130,132350
NSW,2005-05-01,30970,4420,6550,6800,3720,4510,95970,4260,2180,1000,114590
NSW,2005-06-01,33480,4600,6550,7010,4180,5020,98800,4730,2250,1390,119000
NSW,2005-07-01,37620,5890,8940,9270,20030,6360,129780,4310,3550,1700,166970
NSW,2005-08-01,34850,5580,7000,7920,6100,5620,115460,4760,2800,1370,129010
NSW,2005-09-01,37690,5650,7460,8330,4810,4980,102600,8180,3050,1190,140160
NSW,2005-10-01,39060,5350,7460,10300,5910,5770,123310,8200,2980,1190,181720
NSW,2005-11-01,32300,4520,6080,7130,4340,4780,139060,7410,2760,1720,117730
NSW,2005-12-01,37690,4810,6790,6580,4550,4190,177770,6650,2620,2260,118200
NSW,2006-01-01,40760,8060,12430,11530,13710,8090,133130,6610,3600,1620,200300
NSW,2006-02-01,29550,5930,8770,7220,27730,4630,142550,7080,3200,1320,120620
NSW,2006-03-01,32130,4550,7060,6770,8150,4770,139130,6440,2890,1460,114520
NSW,2006-04-01,37400,4890,8070,8120,6320,5400,123890,5280,2930,1530,135590
NSW,2006-05-01,30510,5120,7020,7090,4270,4730,91720,4310,1980,1100,125670
NSW,2006-06-01,32830,4700,6470,6990,5030,5360,93900,4650,2370,1410,119920
NSW,2006-07-01,33110,6160,9130,9520,20980,6810,124390,4090,3190,1200,178340
NSW,2006-08-01,29150,5860,7030,7660,7030,5750,110030,5110,2860,1310,132110
NSW,2006-09-01,36160,5690,7190,8400,5660,5920,102690,8490,3280,1010,143010
NSW,2006-10-01,37760,5300,7740,9450,7070,5920,132970,9000,2910,1300,182220
NSW,2006-11-01,35180,4970,6190,7350,5560,5170,143570,8390,2820,1070,126120
NSW,2006-12-01,39300,4780,6180,6480,4950,5290,188260,6880,2650,1230,121920
NSW,2007-01-01,40280,8060,12150,10950,16910,8960,132140,7100,4150,1480,208410
NSW,2007-02-01,31140,5420,8290,6680,25250,4800,151160,6670,3380,1190,124640
NSW,2007-03-01,36170,6150,8060,7130,11890,5600,152420,7430,3350,1080,126650
NSW,2007-04-01,38580,5510,8570,7680,8400,6680,123410,5050,3150,870,149700
NSW,2007-05-01,34620,5420,6760,6480,4950,5510,95590,4860,2360,860,124280
NSW,2007-06-01,35580,5080,7380,7640,6050,6050,98510,5120,2930,1470,129220
NSW,2007-07-01,37030,5150,8440,8920,23380,7250,121520,4150,2980,1590,181810
NSW,2007-08-01,35080,5740,7650,7790,8840,6920,111760,5900,3230,1020,149660
NSW,2007-09-01,39320,5480,7470,8650,7210,6460,104550,8840,3970,1140,154620
NSW,2007-10-01,40630,5700,7640,9620,8120,6520,121190,7900,2960,870,203830
NSW,2007-11-01,37000,5240,7400,7550,6560,5270,143430,8480,2950,1120,144680
NSW,2007-12-01,36960,4740,6680,6170,6450,5540,182250,7060,2430,1190,138590
NSW,2008-01-01,39710,7910,13070,11140,19310,10750,129050,7120,4340,1110,230500
NSW,2008-02-01,32870,6230,9700,7780,29680,5760,164820,7390,3620,1130,142150
NSW,2008-03-01,36820,6240,9120,6820,14830,6390,147210,7670,3110,1180,145070
NSW,2008-04-01,35820,5640,7910,7830,9520,6940,114380,6110,3220,1140,154960
NSW,2008-05-01,36480,5670,7830,6960,6690,5950,96480,5020,2840,760,142520
NSW,2008-06-01,32950,5700,8110,7000,7240,6970,91920,5970,2610,1000,146720
NSW,2008-07-01,40600,6120,8330,9010,24240,8050,151790,5140,3160,2870,180810
NSW,2008-08-01,34070,6580,8460,8490,10470,7840,108260,6300,2620,1320,159370
NSW,2008-09-01,35270,6010,7910,8760,7740,7010,93750,9950,2390,1410,157970
NSW,2008-10-01,41660,5940,7920,8580,11100,6970,107070,9600,3170,1620,207140
NSW,2008-11-01,34650,5900,7530,7640,8210,5890,126790,9260,3040,2140,144960
NSW,2008-12-01,38510,4970,7050,6680,7370,5580,177000,7960,4120,2330,130560
NSW,2009-01-01,40970,7540,13800,11860,20540,10620,125920,7790,4900,1910,222310
NSW,2009-02-01,29590,6480,10120,7170,34430,5080,141170,9040,4000,2550,131890
NSW,2009-03-01,33560,5980,7640,6990,14490,4980,136050,9060,3490,2070,131250
NSW,2009-04-01,40040,6030,8410,8160,12460,6360,119820,6650,3570,1750,157980
NSW,2009-05-01,33080,6280,7980,7800,7430,5270,90790,6100,2900,1520,144570
NSW,2009-06-01,32390,6000,7390,7660,8880,6060,81150,6030,3060,1960,142130
NSW,2009-07-01,35770,7180,9320,9330,27860,7180,98290,5110,3720,2660,197700
NSW,2009-08-01,36820,7920,8720,8770,11690,7310,101020,6590,3100,2070,182160
NSW,2009-09-01,36930,6680,7850,9040,7730,6540,100790,10960,3240,1670,170920
NSW,2009-10-01,45050,6930,9480,10070,11350,5870,119780,9490,3660,1900,225540
NSW,2009-11-01,36950,6480,7310,7930,7180,5350,128550,8660,3310,1520,162220
NSW,2009-12-01,42160,6330,6780,7380,7580,5210,189750,7590,3120,2300,156390
NSW,2010-01-01,43250,10200,14630,11720,21470,10930,126240,8190,5250,1880,263110
NSW,2010-02-01,33970,6560,8690,8120,35130,4990,155830,7800,4460,2030,145850
NSW,2010-03-01,36750,6650,8270,7340,14680,5210,145830,7790,4410,1930,153130
NSW,2010-04-01,40020,6960,9380,8900,9300,7140,110950,5900,3440,1030,186440
NSW,2010-05-01,34760,6430,7870,7390,6000,6370,96790,5000,3090,1290,153830
NSW,2010-06-01,34590,6260,8090,8140,7500,6670,95260,5330,2910,1560,161120
NSW,2010-07-01,41520,6990,9170,10660,26580,7820,112840,4740,3840,1510,234830
NSW,2010-08-01,36130,7920,7740,9110,10330,7500,113180,5890,4020,1420,186820
NSW,2010-09-01,44750,6900,7640,10080,7250,7110,108690,10530,3890,1200,188300
NSW,2010-10-01,45350,6420,8350,10460,9380,7600,123530,8710,4160,1380,256370
NSW,2010-11-01,37920,6520,7120,8760,7240,6090,139880,8150,4610,1200,176170
NSW,2010-12-01,43010,6210,6630,7140,6850,5710,194200,7540,4010,1690,163750
NSW,2011-01-01,44900,8760,14640,12740,18660,11610,138700,7650,6450,1220,282890
NSW,2011-02-01,35280,7680,9570,8870,37930,5910,153320,7760,5760,1390,167800
NSW,2011-03-01,39320,7260,7720,8260,12270,5780,138960,7440,5520,840,164090
NSW,2011-04-01,41050,7010,8470,8960,7970,7170,118060,5640,4780,630,205050
NSW,2011-05-01,36360,7500,8000,8840,6630,7370,93670,5070,3950,700,184750
NSW,2011-06-01,35810,6500,7520,8450,6700,6990,88360,5580,3710,1230,176150
NSW,2011-07-01,42290,7300,9550,10630,25750,9340,107140,4570,4190,1130,257770
NSW,2011-08-01,37480,7510,8470,9540,9140,8520,114590,6360,4020,1010,198830
NSW,2011-09-01,38720,7400,9120,9740,7700,7800,104250,10610,4260,1060,211630
NSW,2011-10-01,46780,7890,10430,11450,9230,9350,125020,10680,4490,840,273440
NSW,2011-11-01,40700,6740,8640,8120,6790,6730,136920,9400,5050,930,182630
NSW,2011-12-01,43760,6380,7740,8000,6540,6600,191150,7440,4500,1310,173120
NSW,2012-01-01,46670,9870,15250,14840,16760,13370,134270,7890,6460,980,288870
NSW,2012-02-01,38660,8290,10760,9480,35590,6270,147880,8020,6280,1080,176550
NSW,2012-03-01,40490,7360,9040,7980,12040,6680,148280,7100,4990,640,173400
NSW,2012-04-01,41520,7740,11000,10760,9050,9750,117030,5490,4760,1050,215100
NSW,2012-05-01,36170,7430,8870,8510,5130,7210,93970,5320,3980,760,180290
NSW,2012-06-01,39010,7860,8190,9300,6880,9240,91540,5830,3920,1120,189560
NSW,2012-07-01,39460,7510,10620,11990,25840,9640,104380,5170,3990,810,266560
NSW,2012-08-01,39240,7130,9450,10290,9000,9480,120210,7100,4510,1030,199290
NSW,2012-09-01,39660,7790,8910,10760,7420,9240,104550,10570,4410,830,221250
NSW,2012-10-01,46600,8110,9770,12460,8580,9010,124570,10740,4620,950,273950
NSW,2012-11-01,40780,7550,8110,9980,6980,7720,145760,10320,5450,700,189500
NSW,2012-12-01,43810,6940,8510,8880,7540,7930,200740,7890,4740,470,185560
NSW,2013-01-01,47090,10320,16580,15070,17320,14740,125610,10030,8390,430,304280
NSW,2013-02-01,34470,8350,10210,9630,32250,7440,171140,8630,6180,560,172250
NSW,2013-03-01,41160,8700,9330,9780,15020,7900,153960,8710,5940,540,181460
NSW,2013-04-01,45180,8290,10160,12120,9120,9610,116250,6740,5370,680,220710
NSW,2013-05-01,38790,8730,8930,10570,5700,7980,103040,6620,4790,330,193900
NSW,2013-06-01,37650,8250,9090,11700,7880,9200,109010,6550,4880,300,198100
NSW,2013-07-01,42630,7740,10930,12790,27080,9740,116270,5460,5170,650,278330
NSW,2013-08-01,41730,7980,8980,11650,11590,9680,128000,7550,5400,550,210300
NSW,2013-09-01,40030,8640,10140,11660,8630,9610,118380,12140,5020,540,235280
NSW,2013-10-01,47170,8160,10650,14190,10910,8790,135950,11810,6210,420,290510
NSW,2013-11-01,40970,7660,9330,10530,7570,7800,162200,10610,7510,530,200030
NSW,2013-12-01,46470,7150,8560,9550,7370,7550,229400,8280,5650,380,194880
NSW,2014-01-01,46760,10270,17970,17230,17870,16270,159860,9900,7780,360,327960
NSW,2014-02-01,37080,8570,12350,11760,36080,7910,185840,8900,7950,430,182130
NSW,2014-03-01,43530,8580,9970,9790,15290,8430,169000,8320,6860,440,187320
NSW,2014-04-01,45820,8310,10670,11780,9390,10030,138710,6880,5950,350,229070
NSW,2014-05-01,39290,8200,10080,10800,7480,8300,123150,6260,4990,310,206070
NSW,2014-06-01,37870,7530,9730,11960,8340,8160,112460,6140,5000,420,201550
NSW,2014-07-01,41590,7260,12220,12630,28380,10180,127370,5970,5050,430,283210
NSW,2014-08-01,42320,8570,10490,12120,12900,10190,130990,7790,4960,470,227680
NSW,2014-09-01,41340,8340,10510,13260,9190,9150,125150,11380,5400,470,245550
NSW,2014-10-01,49840,7890,11380,14010,11940,8310,137050,11110,6390,440,289390
NSW,2014-11-01,42960,7550,9380,11230,8490,7810,167640,9080,7790,560,208400
NSW,2014-12-01,46110,7050,8590,10560,8540,7210,235040,8080,6320,250,197200
NSW,2015-01-01,47800,11740,20240,19040,21920,15660,143610,9610,9530,410,342560
NSW,2015-02-01,36950,7150,11390,10440,34170,7270,206230,7960,7670,450,186680
NSW,2015-03-01,41520,9130,12800,11450,19240,8700,192280,8910,7780,240,194440
NSW,2015-04-01,45030,8580,12780,13780,11740,9710,140850,6890,5890,270,237680
NSW,2015-05-01,41440,8050,11310,12090,7480,8570,126640,6410,5810,420,208850
NSW,2015-06-01,39180,8010,10720,12910,8870,8220,114620,6070,5390,550,215310
NSW,2015-07-01,44500,7790,12580,14070,33690,10590,134290,5560,5960,540,291130
NSW,2015-08-01,46100,8910,12010,12500,12790,10570,143660,7290,6370,400,238390
NSW,2015-09-01,42980,8040,11750,13570,10490,9480,137240,10850,6040,270,255190
NSW,2015-10-01,49980,8410,12630,15890,13470,8680,152700,10270,7150,410,304100
NSW,2015-11-01,43020,8110,10900,12390,9050,7770,184610,9400,6800,340,222850
NSW,2015-12-01,45670,7930,10110,10410,9680,7820,265620,8760,6190,180,215300
NSW,2016-01-01,51000,11880,22860,20710,24290,16660,167120,9810,10640,360,364200
NSW,2016-02-01,38440,8850,13640,12730,43770,8600,228820,8400,10390,290,203750
NSW,2016-03-01,44590,9000,11710,12930,19740,8920,221030,7540,8390,460,208340
NSW,2016-04-01,45310,8480,13900,14630,13300,9210,166690,7350,7300,410,252720
NSW,2016-05-01,41530,9140,12070,13610,8330,8830,143300,6720,6450,340,224880
NSW,2016-06-01,43070,8240,11380,13240,10020,8520,136290,6490,6080,280,217610
NSW,2016-07-01,46070,8660,13480,16700,42200,10860,158170,5730,7350,630,320070
NSW,2016-08-01,45130,9360,13080,14250,13260,10530,163150,8380,6270,230,244880
NSW,2016-09-01,48170,8770,12950,14870,13160,9840,155680,11730,6190,260,258270
NSW,2016-10-01,49560,8820,14040,18780,15650,10850,173260,10420,7350,720,334620
NSW,2016-11-01,44830,7660,12180,14470,10980,8420,210700,9720,7940,260,228440
NSW,2016-12-01,47610,8120,11200,13460,11720,7680,291830,8170,6420,300,226060
NSW,2017-01-01,51460,11440,25820,22210,25980,17100,216970,9410,11720,370,393340
NSW,2017-02-01,40310,10600,17410,16490,52280,8950,221690,9430,9620,420,224840
NSW,2017-03-01,45990,8120,12290,13470,26000,7930,224650,9030,8640,430,213740
NSW,2017-04-01,48340,9350,16280,17290,16710,11480,200320,6480,8370,670,284090
NSW,2017-05-01,41690,8970,13540,15470,10260,9360,159530,7010,7070,440,240000
NSW,2017-06-01,43470,8820,11940,15220,11910,10120,152040,7090,7110,260,232260
NSW,2017-07-01,46680,8500,15310,17640,48030,11170,173550,6040,7780,640,334210
NSW,2017-08-01,43180,9360,13330,14830,15760,10640,185210,8350,7240,290,262670
NSW,2017-09-01,44720,8950,13750,16200,14620,9540,172410,11340,7930,380,281400
NSW,2017-10-01,51240,8880,16310,19550,18340,9760,198150,10060,9720,590,337220
NSW,2017-11-01,44970,8490,12280,14250,11890,8320,229850,9270,9360,330,241270
NSW,2017-12-01,45300,7660,11760,12960,12550,7890,305130,7610,7450,470,227110
NSW,2018-01-01,48350,12610,28860,25990,30420,16990,191290,9810,13870,300,411590
NSW,2018-02-01,39010,8700,15190,14880,50380,7780,272200,8180,11390,630,216520
NSW,2018-03-01,46430,10200,14640,15980,32150,8280,251270,9090,11980,300,224530
NSW,2018-04-01,46900,9450,17710,18070,19140,10870,185200,7420,10340,500,280800
NSW,2018-05-01,41720,8860,13810,17700,12600,8320,165300,6690,8270,440,254410
NSW,2018-06-01,40320,7680,13780,16370,14150,8940,164420,6670,8060,200,239510
NSW,2018-07-01,43920,8260,17200,17730,54020,9970,176610,5970,8810,500,343700
NSW,2018-08-01,43360,9210,14350,17410,18300,10220,192220,8170,8620,360,269810
NSW,2018-09-01,44780,8850,14910,17480,16530,9870,177500,10730,9470,530,277530
NSW,2018-10-01,50530,9580,14840,21500,19530,9680,203870,10070,11930,390,354000
NSW,2018-11-01,46470,7920,12080,16590,13900,7950,233900,8960,9660,410,244310
NSW,2018-12-01,48880,7030,11070,14740,13520,7590,318930,8200,7730,580,235880
NSW,2019-01-01,50090,12250,28740,29540,31530,17710,200500,9640,15270,460,417900
NSW,2019-02-01,37910,9380,15470,17300,62790,8320,259400,8390,11930,410,219890
NSW,2019-03-01,41450,9150,12330,16560,24430,8420,237420,8300,10560,490,221770
NSW,2019-04-01,45890,8540,16130,20150,16960,9820,193120,6320,9700,360,273950
NSW,2019-05-01,43900,9170,15780,20320,14660,8760,183240,6530,9270,370,258120
NSW,2019-06-01,38920,7730,13920,18350,18050,8620,169810,5870,8910,470,245020
NSW,2019-07-01,45060,8030,16070,20330,38910,9910,180610,5600,10120,560,335110
NSW,2019-08-01,41180,8690,14920,17980,25270,9220,207460,7470,9430,470,276340
NSW,2019-09-01,46500,8140,14040,17850,22350,8970,175670,9860,9850,500,281490
NSW,2019-10-01,55280,9140,15040,22890,18850,8950,198390,9290,11580,680,349790
NSW,2019-11-01,45000,8010,12780,18400,14210,7400,225310,8760,10340,340,253020
NSW,2019-12-01,46550,6970,11570,15220,12510,6660,305110,7440,8340,340,235110
NSW,2020-01-01,47990,11990,29120,30610,32210,15540,196510,8540,17540,360,413570
NSW,2020-02-01,36300,8760,14080,18690,39640,6690,177050,7660,12510,460,224490
NSW,2020-03-01,20470,4990,6630,8120,19570,4070,72440,4830,7000,230,155350
NSW,2020-04-01,290,340,450,490,10,50,210,10,200,10,5030
NSW,2020-05-01,850,480,630,480,10,30,280,10,300,20,4120
NSW,2020-06-01,840,660,880,750,20,70,350,10,480,30,5150
NSW,2020-07-01,660,470,540,580,10,80,420,20,370,10,4920
NSW,2020-08-01,570,550,590,510,20,220,510,30,480,20,4980
NSW,2020-09-01,640,520,640,560,40,380,550,30,630,50,4840
NSW,2020-10-01,1690,740,880,690,60,640,940,70,990,40,6710
NSW,2020-11-01,2540,980,1100,870,90,760,1090,90,970,30,8910
NSW,2020-12-01,2430,1080,1490,940,150,750,1060,70,760,20,9520
NSW,2021-01-01,2020,690,1140,690,140,520,620,50,920,30,6180
NSW,2021-02-01,1870,820,1020,660,100,470,680,80,660,30,5330
NSW,2021-03-01,2790,1290,1170,830,120,690,900,100,1120,80,7090
NSW,2021-04-01,9760,1330,1360,890,110,620,1280,80,1420,30,10560
NSW,2021-05-01,24360,1440,1840,1480,220,750,1580,110,1480,60,24360
NSW,2021-06-01,20640,1470,2000,1480,250,820,1730,140,1900,140,24720
NSW,2021-07-01,8490,1270,1740,940,250,630,900,120,1350,110,14780
NSW,2021-08-01,370,530,620,430,60,330,360,60,620,60,3180
NSW,2021-09-01,70,440,460,280,30,290,200,40,560,30,2400
NSW,2021-10-01,60,400,310,220,40,270,220,40,620,10,1760
NSW,2021-11-01,1500,2520,2110,1870,200,1180,5450,80,1320,60,18880
NSW,2021-12-01,3120,3350,3700,4290,13890,1730,18990,510,2960,140,45330
NSW,2022-01-01,3200,5080,8860,6100,11640,4030,12670,1570,2940,120,74680
NSW,2022-02-01,3000,3480,5470,4620,17400,2330,17930,1990,3200,200,49390
NSW,2022-03-01,9510,3910,4780,4900,10900,2760,39310,3000,5340,170,58780
NSW,2022-04-01,19700,4850,7120,7790,8660,3980,50920,3570,6000,140,101650
NSW,2022-05-01,20410,5820,8410,9330,11160,4830,51040,2300,7790,260,118440
NSW,2022-06-01,22860,5890,7350,8940,11230,4230,55460,2850,7660,210,129770
NSW,2022-07-01,28520,6290,10170,11880,23210,5640,59310,2580,7770,530,223360
NSW,2022-08-01,28020,7500,9050,11310,16340,6090,76300,4570,9400,390,190920
NSW,2022-09-01,29640,6390,8070,10830,15350,5610,79060,7650,10110,300,193180
NSW,2022-10-01,34550,6440,8410,13560,10490,5680,99330,7050,9310,420,242480
NSW,2022-11-01,33440,6330,7540,12010,12080,5140,127040,8140,11820,290,191700
NSW,2022-12-01,34290,5350,7490,10380,12930,4370,176360,6810,9990,290,180280
NSW,2023-01-01,37690,9470,16660,21600,19970,9780,100740,6840,15300,370,344440
NSW,2023-02-01,32640,7230,10220,13600,49160,5830,158750,8290,15650,420,203800
NSW,2023-03-01,34370,7420,9330,13380,20320,5170,164570,8570,14640,730,197120
NSW,2023-04-01,38900,7400,11400,18320,16570,6290,126530,6290,11630,610,237170
NSW,2023-05-01,33210,7250,9300,17150,19980,5640,119950,6840,11620,410,220790
NSW,2023-06-01,36390,7500,9960,16880,18410,5860,123070,7770,11720,610,231260
NSW,2023-07-01,38990,7220,11490,20020,40960,6830,137860,5450,13880,1620,322690
NSW,2023-08-01,36910,8030,9220,16260,22430,6890,162230,8510,14260,680,254600
NSW,2023-09-01,46550,7910,9420,16230,21320,6880,143410,11990,13140,340,269090
NSW,2023-10-01,47210,7840,10400,22550,14890,6840,161380,10900,14350,980,338380
NSW,2023-11-01,43020,7740,9780,17380,12550,5740,187720,10990,14850,720,247540
NSW,2023-12-01,44530,6900,9620,15160,14100,5350,269370,8560,13990,530,236240
QLD,2004-07-01,53900,1530,2800,3440,9920,1120,93950,1390,1300,1170,65300
QLD,2004-08-01,47280,1450,2170,2230,2230,920,87490,1470,1370,800,49710
QLD,2004-09-01,52020,1670,2200,2650,2270,700,76090,2060,1230,800,60460
QLD,2004-10-01,44340,1700,2190,2920,2720,1020,87780,1930,1540,3190,66940
QLD,2004-11-01,34820,1360,1930,2370,1610,860,96900,1700,1610,1630,49120
QLD,2004-12-01,37460,1610,2080,2600,1670,710,109310,1120,1350,1350,53490
QLD,2005-01-01,35370,2400,4220,4070,8380,1840,84900,2040,2060,680,79660
QLD,2005-02-01,25730,1730,2280,2410,11960,850,90410,1610,1550,960,45260
QLD,2005-03-01,37360,1530,2440,2460,3230,1100,89730,2180,1600,940,55470
QLD,2005-04-01,45990,1460,2190,2680,2410,1150,69170,2260,1610,650,53270
QLD,2005-05-01,40350,1190,1750,2790,1800,970,67120,1860,1390,740,48760
QLD,2005-06-01,46240,1380,2320,2570,2080,1170,77330,1940,1760,2120,56680
QLD,2005-07-01,60570,1880,3030,3430,10750,1430,97220,1580,1700,1150,69510
QLD,2005-08-01,53860,1660,2270,2470,2160,1250,90700,1420,1610,630,55640
QLD,2005-09-01,55220,1740,2550,2680,3190,1360,76140,2460,1520,770,77010
QLD,2005-10-01,47640,1860,2400,2910,2450,1450,85800,2290,1430,1340,64960
QLD,2005-11-01,32650,1440,2020,2050,1620,1110,91440,2270,1540,2490,51200
QLD,2005-12-01,41140,1760,2480,1990,2020,1200,104420,1440,1350,1100,58960
QLD,2006-01-01,37350,2460,4540,4240,8110,3100,85890,1790,2080,690,84600
QLD,2006-02-01,27140,2030,2760,2470,13500,1580,81810,2170,1530,630,50730
QLD,2006-03-01,34820,1550,2150,2350,3160,1610,85430,2260,1510,590,53310
QLD,2006-04-01,44000,1650,2860,2590,3210,1880,72980,2380,1470,680,61950
QLD,2006-05-01,38110,1730,2200,2190,2140,1450,65720,2350,1330,640,52860
QLD,2006-06-01,46470,1610,2480,2820,2330,1380,80350,2490,1490,680,55830
QLD,2006-07-01,58230,2130,3050,3530,10680,2090,91270,2050,2080,1270,76290
QLD,2006-08-01,49070,1650,2220,3120,2690,1870,85000,1940,1630,770,59870
QLD,2006-09-01,58700,1900,2670,2690,2760,1850,79670,3330,1430,630,68670
QLD,2006-10-01,46660,1700,2830,3300,3080,2060,84780,2750,1640,1060,82420
QLD,2006-11-01,35210,1720,2560,2560,2180,1690,92850,2530,1670,1380,56140
QLD,2006-12-01,39490,1830,2370,2150,2090,1800,106610,1840,1430,850,61250
QLD,2007-01-01,41410,2860,4960,3510,9630,4370,73320,2240,2240,530,92810
QLD,2007-02-01,27580,1760,2830,2370,12580,1630,85200,2490,1730,850,53540
QLD,2007-03-01,35020,1920,2780,2760,4180,1930,87860,3080,1720,860,62400
QLD,2007-04-01,45840,1820,3010,2770,3050,2130,67830,2680,1900,1110,66700
QLD,2007-05-01,44800,2020,2480,2930,2070,1940,58970,2700,1640,830,63010
QLD,2007-06-01,52180,1660,2830,2900,2720,2360,72660,2940,1950,1830,65440
QLD,2007-07-01,56280,1930,3360,3200,12830,2740,85560,2370,1940,1580,82740
QLD,2007-08-01,51390,1870,2630,2630,3270,2190,84930,2550,1640,700,63520
QLD,2007-09-01,58130,2030,3090,2650,3210,2260,75590,3760,1650,1000,76630
QLD,2007-10-01,49940,1840,3020,3070,3660,2560,82910,3010,2450,1600,93740
QLD,2007-11-01,40080,1740,2690,2400,2610,2340,87130,3360,1770,1080,67410
QLD,2007-12-01,41610,1790,2800,2560,2630,2110,101380,2000,1730,680,67790
QLD,2008-01-01,40670,3100,6180,4020,10790,5140,66800,2470,2870,890,106040
QLD,2008-02-01,33440,2170,3350,2160,14430,2340,85590,3500,1840,940,63870
QLD,2008-03-01,39250,2150,3280,2770,5820,2200,81670,3590,1590,780,69820
QLD,2008-04-01,45760,2360,3200,2960,3260,2850,61950,3310,2100,680,72570
QLD,2008-05-01,47860,1830,3220,2720,2960,2740,62740,3230,1540,610,67270
QLD,2008-06-01,49390,1940,3060,2520,3600,3080,64670,3690,1780,880,72040
QLD,2008-07-01,55340,2200,3930,3320,13860,3120,82330,2800,2070,1320,88630
QLD,2008-08-01,51180,2120,3620,2970,4090,3150,76480,3580,2080,840,76550
QLD,2008-09-01,53970,2170,3550,3180,3470,2980,63600,4770,2020,1210,82070
QLD,2008-10-01,53140,2340,3900,3510,5180,4020,78080,4420,2520,2580,96350
QLD,2008-11-01,39290,1840,3730,2290,3900,2900,78480,4010,1960,990,71070
QLD,2008-12-01,42060,1990,2940,2100,3350,2220,92780,2650,1530,1200,72140
QLD,2009-01-01,43210,3520,6600,4110,11220,6610,66610,3540,2580,640,104730
QLD,2009-02-01,30790,2480,4050,2590,16540,2740,68710,4110,2400,1100,61220
QLD,2009-03-01,38890,2000,3140,2570,6900,2590,71310,5290,1580,1080,69270
QLD,2009-04-01,46960,2360,3120,2880,5320,2840,64450,4300,1960,1230,71990
QLD,2009-05-01,45950,2270,3500,2500,4310,2320,56830,4180,1940,900,69840
QLD,2009-06-01,45810,2230,3040,2690,4600,2710,55790,4140,2000,1330,68680
QLD,2009-07-01,54780,2580,4650,3630,17400,3410,66010,3430,2500,2120,93710
QLD,2009-08-01,51380,2220,3160,3360,5120,2470,67510,3620,2070,1070,80620
QLD,2009-09-01,55820,2510,3520,3750,4130,2540,66360,5560,2320,1060,90540
QLD,2009-10-01,52070,2700,4160,3390,5900,3260,77820,4780,2900,2690,101670
QLD,2009-11-01,39690,2730,3760,2710,3560,2540,78920,4220,2300,1320,79780
QLD,2009-12-01,40850,2220,3010,2990,3520,1820,93960,2720,1900,910,81020
QLD,2010-01-01,42900,4010,7360,4140,12010,5910,60010,3020,2800,690,115480
QLD,2010-02-01,32080,2080,3720,2830,17930,1990,80440,3500,2270,910,68590
QLD,2010-03-01,39440,2300,3090,3100,6510,2140,77140,4340,2100,870,78850
QLD,2010-04-01,44840,2260,3860,3170,3950,2620,60210,3350,2070,460,82880
QLD,2010-05-01,39570,2460,2960,2600,2960,2620,56210,3660,1660,540,77970
QLD,2010-06-01,49550,2190,3620,3110,3390,2740,63060,3580,1900,890,81630
QLD,2010-07-01,58930,2660,4640,3860,15890,2900,81300,3300,2230,970,109640
QLD,2010-08-01,52280,2760,3590,3780,3950,2610,75980,3560,2040,590,86540
QLD,2010-09-01,54250,2550,3590,4050,4430,2440,71310,4970,3470,1030,99240
QLD,2010-10-01,54330,2790,3280,4420,4460,3020,71070,4560,3620,1390,110540
QLD,2010-11-01,40430,2100,3330,3180,2890,2530,84120,3740,3570,780,80900
QLD,2010-12-01,43630,2350,3330,3260,3460,2140,97460,2720,2060,1060,87510
QLD,2011-01-01,46600,3510,7820,5000,10990,6210,56750,3070,3130,630,128160
QLD,2011-02-01,31810,2720,3910,2700,18460,2710,69660,3490,3310,870,74050
QLD,2011-03-01,40120,2160,3070,2870,5870,2510,60660,3980,2470,930,78080
QLD,2011-04-01,49090,2360,3830,2970,3280,2820,57070,3230,2120,730,87030
QLD,2011-05-01,48520,2690,3900,3100,4110,3150,51080,3520,2230,530,90060
QLD,2011-06-01,46110,2400,3720,3370,3140,3020,56470,3690,1990,720,85870
QLD,2011-07-01,61420,2940,4790,4360,15120,4500,77000,2810,2840,2310,119770
QLD,2011-08-01,58380,2840,4130,3520,3610,3240,71200,4010,2130,590,91830
QLD,2011-09-01,45850,2780,4360,4100,3930,3640,61490,5730,3690,1420,110670
QLD,2011-10-01,57440,2870,4540,4260,4070,3940,69000,5140,2760,2060,118970
QLD,2011-11-01,43720,2620,3990,3650,2970,3060,73680,3990,3010,1030,87960
QLD,2011-12-01,46490,2850,4550,3010,3280,2950,92360,2800,2360,970,92920
QLD,2012-01-01,49230,3640,9720,5380,10510,7700,66890,3410,3830,530,130050
QLD,2012-02-01,35350,2810,4480,3500,18890,3230,65650,4450,3540,800,79090
QLD,2012-03-01,41800,2810,4450,3560,4950,3470,75170,5210,2690,700,86440
QLD,2012-04-01,52660,2720,5070,4090,3940,4470,58500,4220,2620,740,95220
QLD,2012-05-01,44530,2780,3980,3090,2770,3900,53990,4440,2490,860,86730
QLD,2012-06-01,53340,2740,4180,4080,3480,4190,64370,4910,2770,980,93390
QLD,2012-07-01,60630,2940,5760,5030,14420,5330,76410,3720,2760,1230,122040
QLD,2012-08-01,53770,2440,4230,3450,4000,4790,82730,4720,2630,1010,89120
QLD,2012-09-01,54710,3110,4510,3990,5000,5720,73710,7260,3190,1960,104730
QLD,2012-10-01,60670,2840,4880,5100,4220,4660,72880,6000,3310,1830,129910
QLD,2012-11-01,41860,2670,4210,3640,3050,3790,86790,5460,2760,690,87520
QLD,2012-12-01,47100,2880,4400,3660,3390,3340,102170,3150,2480,320,95120
QLD,2013-01-01,48170,4380,8940,6390,10770,9130,58370,4540,4010,290,138950
QLD,2013-02-01,33210,2970,4640,3530,17790,4040,83910,4530,3610,440,78520
QLD,2013-03-01,42810,2770,4090,4030,5450,4370,81480,6310,3130,590,96220
QLD,2013-04-01,48910,3080,5180,4430,4490,5350,55200,5230,2920,460,106980
QLD,2013-05-01,43140,2870,3710,4120,2720,3890,55570,4940,2850,180,90920
QLD,2013-06-01,45560,3310,4160,4090,4240,4350,72040,5110,2440,250,99510
QLD,2013-07-01,57860,3420,5550,5520,16300,6590,79500,4110,4190,1740,130790
QLD,2013-08-01,54330,3460,4030,4340,4440,4690,83120,5020,2850,330,103770
QLD,2013-09-01,54040,3110,3950,4640,4280,4500,67780,7120,2820,520,113410
QLD,2013-10-01,59080,3170,4680,6010,5730,4900,70870,6770,5450,790,139800
QLD,2013-11-01,43140,3040,3890,4300,3640,3430,78310,4750,2950,500,99420
QLD,2013-12-01,47100,3060,3850,3790,3440,3150,103090,3390,2720,220,98260
QLD,2014-01-01,50120,5280,10060,7290,9960,9350,65990,4330,3940,160,152470
QLD,2014-02-01,36210,3010,5440,4170,18460,3750,76220,4890,3510,180,81710
QLD,2014-03-01,42300,2840,3940,3980,6730,3650,77500,4980,2820,230,92430
QLD,2014-04-01,50240,3250,4980,4500,4040,4720,61990,3950,3010,210,113640
QLD,2014-05-01,46340,2760,4160,4580,3630,3440,57430,4190,2840,300,95900
QLD,2014-06-01,48230,2770,3780,4670,4670,3460,62460,4400,2370,270,97250
QLD,2014-07-01,61740,3170,5040,5750,15530,5000,84000,3860,2840,450,135850
QLD,2014-08-01,55620,2980,4210,4660,5750,4270,87160,5150,2970,450,108190
QLD,2014-09-01,56940,2850,3830,4700,4490,4030,67530,6170,4170,710,116510
QLD,2014-10-01,60880,3370,4440,6270,6340,4040,76360,5330,4830,1430,134610
QLD,2014-11-01,42610,3020,3740,4190,3330,3180,81340,4790,3840,440,99780
QLD,2014-12-01,48000,2560,3840,4610,4150,2670,107590,3220,2590,170,99840
QLD,2015-01-01,48740,5310,9390,8010,11170,6980,62410,4060,4360,220,161030
QLD,2015-02-01,34210,2910,4510,4080,16340,3000,94850,3590,3180,190,90520
QLD,2015-03-01,45050,3070,4800,4620,8260,3420,82030,5460,3510,320,101590
QLD,2015-04-01,51620,3070,5660,5710,5030,3820,63110,4290,3370,440,109300
QLD,2015-05-01,47300,3090,4150,4530,3860,3330,61280,4380,3410,330,104060
QLD,2015-06-01,49930,3200,4270,4620,4260,3400,66130,4330,2880,730,101410
QLD,2015-07-01,66360,3110,4830,6140,17940,4350,90710,4330,3800,1180,128760
QLD,2015-08-01,54700,3010,4270,4910,5130,3250,87800,4760,2850,320,106390
QLD,2015-09-01,58920,2890,4060,5240,5130,3240,79100,6800,3840,510,124140
QLD,2015-10-01,61640,3270,4260,6340,6390,3570,82990,5980,4240,1100,144660
QLD,2015-11-01,45520,2900,4090,4790,4490,2900,93130,4280,3800,720,105460
QLD,2015-12-01,51160,2780,3630,5150,4530,2270,118270,3070,2940,190,115540
QLD,2016-01-01,51690,4860,9160,8490,11860,5390,77240,4110,4270,230,170500
QLD,2016-02-01,34990,3220,4940,4710,20010,2690,101790,4550,3400,160,102070
QLD,2016-03-01,45090,3320,4380,4650,6530,2740,103220,4510,3580,310,104470
QLD,2016-04-01,53950,3630,4780,5480,5540,2840,75600,4220,3410,220,119450
QLD,2016-05-01,49730,3050,3920,5270,4150,2750,71740,4330,3490,300,108470
QLD,2016-06-01,51410,3180,4100,5660,4930,2620,78150,4340,3100,480,105510
QLD,2016-07-01,67640,3020,5050,6620,17760,3080,102250,3920,3800,500,144670
QLD,2016-08-01,56950,3240,4190,4870,5170,2840,100360,4540,3230,220,114970
QLD,2016-09-01,65350,2950,4340,6050,6140,3210,90490,6070,3690,1310,132870
QLD,2016-10-01,64760,3570,4560,6950,7640,3900,98600,5440,3790,1880,146880
QLD,2016-11-01,47030,3080,3530,5400,4330,2390,97080,4820,3070,220,108590
QLD,2016-12-01,54280,2740,4210,5310,4830,1760,125800,2950,3020,220,121590
QLD,2017-01-01,53800,4600,9690,8930,12540,4620,86460,3640,4060,290,167220
QLD,2017-02-01,39110,3480,5170,5160,22250,2590,90250,4610,4050,230,105710
QLD,2017-03-01,45320,3140,4320,5060,6870,2150,103680,4930,3410,490,108900
QLD,2017-04-01,56050,3470,5720,7050,7030,2930,85300,3930,3700,760,129410
QLD,2017-05-01,50930,3360,4120,5490,4320,2410,75540,4180,3590,180,114570
QLD,2017-06-01,51620,3420,4360,5790,6210,2870,81980,4500,3790,420,118060
QLD,2017-07-01,71980,3330,5630,7050,20330,2820,104950,3820,3690,3930,152020
QLD,2017-08-01,59670,3010,4260,6300,5840,2370,107590,4960,3330,860,124400
QLD,2017-09-01,61230,3230,5100,6880,5790,2380,90290,6490,4470,1340,156390
QLD,2017-10-01,69890,3230,5300,7380,7440,2270,97530,5590,4190,420,153460
QLD,2017-11-01,47310,3190,4230,6180,5890,2040,103580,4810,3940,430,121310
QLD,2017-12-01,54490,3210,4890,5820,5670,1940,134380,3090,3390,320,129730
QLD,2018-01-01,56670,5120,9730,10090,15620,4450,85880,4590,6000,260,191220
QLD,2018-02-01,37730,3230,4460,5930,22590,1920,117530,4170,4290,320,109200
QLD,2018-03-01,48000,3570,4140,5950,7200,2190,116540,4900,9290,320,121960
QLD,2018-04-01,53980,3680,5770,7910,9960,2640,82530,4550,7550,420,139820
QLD,2018-05-01,51410,3020,4490,5920,4980,2320,82150,4920,4200,300,124240
QLD,2018-06-01,54560,2960,4380,6880,7040,1990,95270,4890,4210,270,127540
QLD,2018-07-01,71190,3370,5860,7780,23150,2330,118140,3790,4220,470,168400
QLD,2018-08-01,66810,3180,4490,7080,6360,2230,121020,5160,4100,150,138480
QLD,2018-09-01,65810,3450,4870,6920,6510,2520,96950,5820,4800,880,150890
QLD,2018-10-01,68050,3430,5520,8820,8680,2350,97360,5560,4300,1430,176390
QLD,2018-11-01,46970,2990,4090,6350,5930,2090,103180,4720,4160,600,124480
QLD,2018-12-01,53680,3150,4540,6760,5760,1930,142300,3020,3960,390,141430
QLD,2019-01-01,57860,5840,9850,12830,15030,4380,88800,4140,6550,420,205520
QLD,2019-02-01,39480,3480,5000,6450,26530,2150,110200,4580,4620,310,110920
QLD,2019-03-01,48140,3040,4760,7110,8390,2010,114510,4920,4840,650,124480
QLD,2019-04-01,55380,3270,5080,7860,7550,2380,88680,4060,4810,410,143700
QLD,2019-05-01,57430,3660,4840,7360,5980,2030,83150,4880,4430,330,138040
QLD,2019-06-01,56570,3380,5200,7410,7880,1970,91540,4290,4400,1610,134340
QLD,2019-07-01,70870,3760,6060,8940,24230,2450,116270,3700,4320,2520,167580
QLD,2019-08-01,65130,3280,4390,7380,6560,2360,122840,4500,3980,440,136160
QLD,2019-09-01,64830,3080,5310,7830,6710,2080,90440,5750,4390,760,153880
QLD,2019-10-01,67050,3490,5160,8910,8820,2200,98630,4990,5550,690,177290
QLD,2019-11-01,52940,3230,4360,6900,6190,1930,109390,4460,4940,330,130180
QLD,2019-12-01,54310,2870,4800,7230,6420,1710,147890,3150,4700,410,144000
QLD,2020-01-01,58030,5600,10930,13480,16020,4360,93330,3460,6880,340,215750
QLD,2020-02-01,39780,3370,5180,6340,17600,1700,82370,4510,5260,240,120510
QLD,2020-03-01,28230,2200,2700,4630,7860,1060,33040,2770,2930,250,102230
QLD,2020-04-01,390,150,180,170,0,20,370,20,80,10,2810
QLD,2020-05-01,620,170,160,140,0,40,140,10,150,0,2130
QLD,2020-06-01,870,230,280,270,20,30,310,10,430,10,3110
QLD,2020-07-01,530,110,140,180,10,40,200,10,330,10,1800
QLD,2020-08-01,300,90,90,110,10,60,110,0,280,0,1270
QLD,2020-09-01,280,100,100,140,20,90,180,10,310,0,1290
QLD,2020-10-01,340,160,160,160,20,160,290,20,380,10,1740
QLD,2020-11-01,430,150,120,190,30,140,300,10,490,10,1980
QLD,2020-12-01,780,240,240,210,30,190,290,10,160,10,2300
QLD,2021-01-01,1060,190,300,230,40,170,340,20,460,10,2190
QLD,2021-02-01,930,230,200,180,30,130,280,10,570,20,1860
QLD,2021-03-01,810,250,210,240,40,150,340,10,350,30,2180
QLD,2021-04-01,5030,220,210,180,80,100,360,20,540,10,2780
QLD,2021-05-01,13750,400,500,430,60,220,750,60,870,20,7360
QLD,2021-06-01,14620,330,440,400,80,160,900,90,1000,490,7540
QLD,2021-07-01,8070,270,380,320,80,150,650,80,210,10,6500
QLD,2021-08-01,1400,290,370,230,40,190,470,20,860,250,2750
QLD,2021-09-01,160,230,260,190,20,220,540,0,690,80,1880
QLD,2021-10-01,370,260,190,140,30,210,560,10,850,20,1630
QLD,2021-11-01,390,390,330,270,70,290,650,10,580,10,2390
QLD,2021-12-01,1570,600,500,530,1120,330,1550,50,860,30,4550
QLD,2022-01-01,2130,1050,1170,1070,2540,540,2420,200,770,40,10490
QLD,2022-02-01,2860,1180,1460,1190,6080,660,7830,690,1190,90,13660
QLD,2022-03-01,8530,1380,1560,1650,4180,750,17520,1310,2540,150,22050
QLD,2022-04-01,20010,2020,2800,3040,3340,970,22620,1910,3030,130,41740
QLD,2022-05-01,25320,2390,2820,3290,3350,1200,23320,1260,3350,190,49390
QLD,2022-06-01,28530,2330,2830,3760,4490,1110,31670,1810,3950,150,59140
QLD,2022-07-01,41470,2740,3990,5110,11260,1570,33600,1650,3910,460,95030
QLD,2022-08-01,40930,3120,3370,4940,6250,1470,39480,2760,4800,350,88380
QLD,2022-09-01,42580,2740,3230,4900,6050,1630,40300,3790,5770,200,96100
QLD,2022-10-01,47850,2660,3360,5580,5260,1520,46110,3480,5170,180,102060
QLD,2022-11-01,41910,2880,3280,4960,5910,1450,53730,4050,6050,260,92130
QLD,2022-12-01,41450,2750,3290,5030,5750,1440,71700,2700,5020,220,101910
QLD,2023-01-01,43390,4400,7000,9700,10540,3020,35800,2650,7950,160,164100
QLD,2023-02-01,33060,3000,4090,5320,19300,1700,54070,4280,7230,220,96460
QLD,2023-03-01,40910,3290,4100,5560,8610,1890,64390,5080,7700,430,100520
QLD,2023-04-01,49690,3120,4920,7100,6950,1810,48520,4200,6700,190,118060
QLD,2023-05-01,49730,3290,4160,6280,6190,1840,48890,4450,6690,330,113940
QLD,2023-06-01,53200,3340,4180,6930,8000,1760,59820,4830,6450,830,122430
QLD,2023-07-01,56310,3050,4800,7980,20790,2060,75170,3040,6710,3470,149260
QLD,2023-08-01,55370,3400,3750,7130,6740,2100,79360,4910,6690,390,128920
QLD,2023-09-01,63190,3410,4020,8150,6540,2140,63280,6030,9580,690,152380
QLD,2023-10-01,59410,3390,4370,7920,5880,2190,67120,5480,7270,160,153160
QLD,2023-11-01,52700,3250,4350,6960,5530,2080,73010,5230,8210,510,127370
QLD,2023-12-01,53770,3300,5020,7310,6270,1990,97880,3870,7040,270,142800
